ts,note
1800, 59
1920, 63
2040, 59
2160, 66
2280, 59
2400, 63
2520, 59
2640, 66
2760, 59
2880, 63
3000, 59
3120, 66
3240, 59
3360, 63
3480, 59
3600, 66
3720, 59
3840, 63
3960, 59
4080, 66
4200, 59
4320, 63
4440, 59
4560, 66
4680, 59
4800, 63
4920, 59
5040, 66
5160, 59
5280, 63
5400, 59
5520, 66
5640, 59
5760, 64
5880, 59
6000, 67
6120, 59
6240, 64
6360, 59
6480, 67
6600, 59
6720, 64
6840, 59
6960, 67
7080, 59
7200, 64
7320, 59
7440, 67
7560, 59
7680, 64
7800, 59
7920, 67
8040, 59
8160, 64
8280, 59
8400, 67
8520, 59
8640, 64
8760, 59
8880, 67
9000, 59
9120, 64
9240, 59
9360, 67
9480, 59
9600, 63
9720, 59
9840, 66
9960, 59
10080, 63
10200, 59
10320, 66
10440, 59
10560, 63
10680, 59
10800, 66
10920, 59
11040, 63
11160, 59
11280, 66
11400, 59
11520, 63
11640, 59
11760, 66
11880, 59
12000, 63
12120, 59
12240, 66
12360, 59
12480, 63
12600, 59
12720, 66
12840, 59
12960, 63
13080, 59
13200, 66
13320, 59
13440, 64
13560, 59
13680, 67
13800, 59
13920, 64
14040, 59
14160, 67
14280, 59
14400, 64
14520, 59
14640, 67
14760, 59
14880, 64
15000, 59
15120, 67
15240, 59
15360, 64
15480, 59
15600, 67
15720, 59
15840, 64
15960, 59
16080, 67
16200, 59
16320, 64
16440, 59
16560, 67
16680, 59
16800, 64
16920, 59
17040, 67
17160, 59
17280, 71
17400, 59
17520, 69
17640, 59
17760, 68
17880, 59
18000, 69
18120, 59
18240, 68
18360, 59
18480, 66
18600, 59
18720, 68
18840, 59
18960, 64
19080, 59
19200, 66
19320, 59
19440, 63
19560, 59
19680, 64
19800, 59
19920, 63
20040, 59
20160, 64
20280, 59
20400, 63
20520, 59
20640, 64
20760, 59
20880, 63
21000, 59
21120, 71
21240, 59
21360, 69
21480, 59
21600, 68
21720, 59
21840, 69
21960, 59
22080, 68
22200, 59
22320, 66
22440, 59
22560, 68
22680, 59
22800, 64
22920, 59
23040, 66
23160, 59
23280, 63
23400, 59
23520, 64
23640, 59
23760, 63
23880, 59
24000, 64
24120, 59
24240, 63
24360, 59
24480, 64
24600, 59
24720, 63
24840, 59
24960, 71
25080, 59
25200, 69
25320, 59
25440, 68
25560, 59
25680, 69
25800, 59
25920, 68
26040, 59
26160, 66
26280, 59
26400, 68
26520, 59
26640, 64
26760, 59
26880, 66
27000, 59
27120, 63
27240, 59
27360, 64
27480, 59
27600, 63
27720, 59
27840, 64
27960, 59
28080, 63
28200, 59
28320, 64
28440, 59
28560, 63
28680, 59
28800, 71
28920, 59
29040, 69
29160, 59
29280, 68
29400, 59
29520, 69
29640, 59
29760, 68
29880, 59
30000, 66
30120, 59
30240, 68
30360, 59
30480, 64
30600, 59
30720, 66
30840, 59
30960, 63
31080, 59
31200, 64
31320, 59
31440, 63
31560, 59
31680, 64
31800, 59
31920, 63
32040, 59
32160, 64
32280, 59
32400, 63
32520, 59
32640, 71
32760, 59
32880, 69
33000, 59
33120, 68
33240, 59
33360, 69
33480, 59
33600, 68
33720, 59
33840, 66
33960, 59
34080, 68
34200, 59
34320, 64
34440, 59
34560, 66
34680, 59
34800, 63
34920, 59
35040, 64
35160, 59
35280, 63
35400, 59
35520, 64
35640, 59
35760, 63
35880, 59
36000, 64
36120, 59
36240, 63
36360, 59
36480, 71
36600, 59
36720, 69
36840, 59
36960, 68
37080, 59
37200, 69
37320, 59
37440, 68
37560, 59
37680, 66
37800, 59
37920, 68
38040, 59
38160, 64
38280, 59
38400, 66
38520, 59
38640, 63
38760, 59
38880, 64
39000, 59
39120, 63
39240, 59
39360, 64
39480, 59
39600, 63
39720, 59
39840, 64
39960, 59
40080, 63
40200, 59
40320, 71
40440, 59
40560, 69
40680, 59
40800, 68
40920, 59
41040, 69
41160, 59
41280, 68
41400, 59
41520, 66
41640, 59
41760, 68
41880, 59
42000, 64
42120, 59
42240, 66
42360, 59
42480, 63
42600, 59
42720, 64
42840, 59
42960, 63
43080, 59
43200, 64
43320, 59
43440, 63
43560, 59
43680, 64
43800, 59
43920, 63
44040, 59
44160, 71
44280, 59
44400, 69
44520, 59
44640, 68
44760, 59
44880, 69
45000, 59
45120, 68
45240, 59
45360, 66
45480, 59
45600, 68
45720, 59
45840, 64
45960, 59
46080, 66
46200, 59
46320, 63
46440, 59
46560, 64
46680, 59
46800, 63
46920, 59
47040, 64
47160, 59
47280, 63
47400, 59
47520, 64
47640, 59
47760, 63
47880, 59
48000, 71
48120, 59
48240, 69
48360, 59
48480, 68
48600, 59
48720, 69
48840, 59
48960, 68
49080, 59
49200, 66
49320, 59
49440, 68
49560, 59
49680, 64
49800, 59
49920, 66
50040, 59
50160, 63
50280, 59
50400, 64
50520, 59
50640, 63
50760, 59
50880, 64
51000, 59
51120, 63
51240, 59
51360, 64
51480, 59
51600, 63
51720, 59
51840, 71
51960, 59
52080, 69
52200, 59
52320, 68
52440, 59
52560, 69
52680, 59
52800, 68
52920, 59
53040, 66
53160, 59
53280, 68
53400, 59
53520, 64
53640, 59
53760, 66
53880, 59
54000, 63
54120, 59
54240, 64
54360, 59
54480, 63
54600, 59
54720, 64
54840, 59
54960, 63
55080, 59
55200, 64
55320, 59
55440, 63
55560, 59
55680, 71
55800, 59
55920, 69
56040, 59
56160, 68
56280, 59
56400, 69
56520, 59
56640, 68
56760, 59
56880, 66
57000, 59
57120, 68
57240, 59
57360, 64
57480, 59
57600, 66
57720, 59
57840, 63
57960, 59
58080, 64
58200, 59
58320, 63
58440, 59
58560, 64
58680, 59
58800, 63
58920, 59
59040, 64
59160, 59
59280, 63
59400, 59
59520, 71
59640, 59
59760, 69
59880, 59
60000, 68
60120, 59
60240, 69
60360, 59
60480, 68
60600, 59
60720, 66
60840, 59
60960, 68
61080, 59
61200, 64
61320, 59
61440, 66
61560, 59
61680, 63
61800, 59
61920, 64
62040, 59
62160, 63
62280, 59
62400, 64
62520, 59
62640, 63
62760, 59
62880, 64
63000, 59
63120, 63
63240, 59
63360, 71
63480, 59
63600, 69
63720, 59
63840, 68
63960, 59
64080, 69
64200, 59
64320, 68
64440, 59
64560, 66
64680, 59
64800, 68
64920, 59
65040, 64
65160, 59
65280, 66
65400, 59
65520, 63
65640, 59
65760, 64
65880, 59
66000, 63
66120, 59
66240, 64
66360, 59
66480, 63
66600, 59
66720, 64
66840, 59
66960, 63
67080, 59
67200, 71
67320, 59
67440, 69
67560, 59
67680, 68
67800, 59
67920, 69
68040, 59
68160, 68
68280, 59
68400, 66
68520, 59
68640, 68
68760, 59
68880, 64
69000, 59
69120, 66
69240, 59
69360, 63
69480, 59
69600, 64
69720, 59
69840, 63
69960, 59
70080, 64
70200, 59
70320, 63
70440, 59
70560, 64
70680, 59
70800, 63
70920, 59
71040, 71
71160, 59
71280, 69
71400, 59
71520, 68
71640, 59
71760, 69
71880, 59
72000, 68
72120, 59
72240, 66
72360, 59
72480, 68
72600, 59
72720, 64
72840, 59
72960, 66
73080, 59
73200, 63
73320, 59
73440, 64
73560, 59
73680, 63
73800, 59
73920, 64
74040, 59
74160, 63
74280, 59
74400, 64
74520, 59
74640, 63
74760, 59
74880, 71
75000, 59
75120, 69
75240, 59
75360, 68
75480, 59
75600, 69
75720, 59
75840, 68
75960, 59
76080, 66
76200, 59
76320, 68
76440, 59
76560, 64
76680, 59
76800, 66
76920, 59
77040, 63
77160, 59
77280, 64
77400, 59
77520, 63
77640, 59
77760, 64
77880, 59
78000, 63
78120, 59
78240, 64
78360, 59
78480, 63
78600, 59
78720, 71
78840, 59
78960, 69
79080, 59
79200, 68
79320, 59
79440, 69
79560, 59
79680, 68
79800, 59
79920, 66
80040, 59
80160, 68
80280, 59
80400, 64
80520, 59
80640, 66
80760, 59
80880, 63
81000, 59
81120, 64
81240, 59
81360, 63
81480, 59
81600, 64
81720, 59
81840, 63
81960, 59
82080, 64
82200, 59
82320, 63
82440, 59
82560, 71
82680, 59
82800, 69
82920, 59
83040, 68
83160, 59
83280, 69
83400, 59
83520, 68
83640, 59
83760, 66
83880, 59
84000, 68
84120, 59
84240, 64
84360, 59
84480, 66
84600, 59
84720, 63
84840, 59
84960, 64
85080, 59
85200, 63
85320, 59
85440, 64
85560, 59
85680, 63
85800, 59
85920, 64
86040, 59
86160, 63
86280, 59
86400, 71
86520, 59
86640, 69
86760, 59
86880, 68
87000, 59
87120, 69
87240, 59
87360, 68
87480, 59
87600, 66
87720, 59
87840, 68
87960, 59
88080, 64
88200, 59
88320, 66
88440, 59
88560, 63
88680, 59
88800, 64
88920, 59
89040, 63
89160, 59
89280, 64
89400, 59
89520, 63
89640, 59
89760, 64
89880, 59
90000, 63
90120, 59
90240, 71
90360, 59
90480, 69
90600, 59
90720, 68
90840, 59
90960, 69
91080, 59
91200, 68
91320, 59
91440, 66
91560, 59
91680, 68
91800, 59
91920, 64
92040, 59
92160, 66
92280, 59
92400, 63
92520, 59
92640, 64
92760, 59
92880, 63
93000, 59
93120, 64
93240, 59
93360, 63
93480, 59
93600, 64
93720, 59
93840, 63
93960, 59
94080, 71
94200, 59
94320, 69
94440, 59
94560, 68
94680, 59
94800, 69
94920, 59
95040, 68
95160, 59
95280, 66
95400, 59
95520, 68
95640, 59
95760, 64
95880, 59
96000, 66
96120, 59
96240, 63
96360, 59
96480, 64
96600, 59
96720, 63
96840, 59
96960, 64
97080, 59
97200, 63
97320, 59
97440, 64
97560, 59
97680, 63
97800, 59
97920, 71
98040, 59
98160, 69
98280, 59
98400, 68
98520, 59
98640, 69
98760, 59
98880, 68
99000, 59
99120, 66
99240, 59
99360, 68
99480, 59
99600, 64
99720, 59
99840, 66
99960, 59
100080, 63
100200, 59
100320, 64
100440, 59
100560, 63
100680, 59
100800, 64
100920, 59
101040, 63
101160, 59
101280, 64
101400, 59
101520, 63
101640, 59
101760, 71
101880, 59
102000, 69
102120, 59
102240, 68
102360, 59
102480, 69
102600, 59
102720, 68
102840, 59
102960, 66
103080, 59
103200, 68
103320, 59
103440, 64
103560, 59
103680, 66
103800, 59
103920, 63
104040, 59
104160, 64
104280, 59
104400, 63
104520, 59
104640, 64
104760, 59
104880, 63
105000, 59
105120, 64
105240, 59
105360, 63
105480, 59
105600, 71
105720, 59
105840, 69
105960, 59
106080, 68
106200, 59
106320, 69
106440, 59
106560, 68
106680, 59
106800, 66
106920, 59
107040, 68
107160, 59
107280, 64
107400, 59
107520, 66
107640, 59
107760, 63
107880, 59
108000, 64
108120, 59
108240, 63
108360, 59
108480, 64
108600, 59
108720, 63
108840, 59
108960, 64
109080, 59
109200, 63
109320, 59
109440, 42
109440, 47
110400, 45
110520, 40
110760, 59
110880, 68
111000, 59
111120, 64
111240, 59
111360, 66
111480, 59
111600, 63
111720, 59
111840, 64
111960, 59
112080, 63
112200, 59
112320, 64
112440, 59
112560, 63
112680, 59
112800, 64
112920, 59
113040, 63
113160, 59
113280, 42
113280, 47
114240, 45
114360, 40
114600, 59
114720, 68
114840, 59
114960, 64
115080, 59
115200, 66
115320, 59
115440, 63
115560, 59
115680, 64
115800, 59
115920, 63
116040, 59
116160, 64
116280, 59
116400, 63
116520, 59
116640, 64
116760, 59
116880, 63
117000, 59
117120, 42
117120, 47
118080, 45
118200, 40
118440, 59
118560, 68
118680, 59
118800, 64
118920, 59
119040, 66
119160, 59
119280, 63
119400, 59
119520, 64
119640, 59
119760, 63
119880, 59
120000, 64
120120, 59
120240, 63
120360, 59
120480, 64
120600, 59
120720, 63
120840, 59
120960, 42
120960, 47
121920, 45
122040, 40
123120, 45
123480, 45
123840, 40
124680, 59
124800, 71
124920, 59
125040, 69
125160, 59
125280, 68
125400, 59
125520, 69
125640, 59
125760, 68
125880, 59
126000, 66
126120, 59
126240, 68
126360, 59
126480, 64
126600, 59
126720, 66
126840, 59
126960, 63
127080, 59
127200, 64
127320, 59
127440, 63
127560, 59
127680, 64
127800, 59
127920, 63
128040, 59
128160, 64
128280, 59
128400, 63
128520, 59
128640, 35
128640, 42
128640, 47
128640, 71
128760, 59
128880, 69
129000, 59
129120, 68
129240, 59
129360, 35
129360, 69
129480, 59
129600, 68
129720, 59
129840, 66
129960, 59
130080, 35
130080, 42
130080, 47
130080, 68
130200, 59
130320, 64
130440, 59
130560, 66
130680, 59
130800, 35
130800, 63
130920, 59
131040, 64
131160, 59
131280, 35
131280, 42
131280, 47
131280, 63
131400, 59
131520, 64
131640, 59
131760, 63
131880, 59
132000, 64
132120, 59
132240, 63
132360, 59
132480, 45
132480, 52
132480, 57
132480, 71
132600, 59
132720, 69
132840, 59
132960, 68
133080, 59
133200, 69
133320, 59
133440, 68
133560, 59
133680, 66
133800, 59
133920, 68
134040, 59
134160, 64
136200, 59
136320, 71
136440, 59
136560, 69
136680, 59
136800, 68
136920, 59
137040, 69
137160, 59
137280, 68
137400, 59
137520, 66
137640, 59
137760, 68
137880, 59
138000, 64
138120, 59
138240, 66
138360, 59
138480, 63
138600, 59
138720, 64
138840, 59
138960, 63
139080, 59
139200, 64
139320, 59
139440, 63
139560, 59
139680, 64
139800, 59
139920, 63
140040, 59
140160, 71
140280, 59
140400, 69
140520, 59
140640, 68
140760, 59
140880, 69
141000, 59
141120, 68
141240, 59
141360, 66
141480, 59
141600, 68
141720, 59
141840, 64
141960, 59
